id,full_name,country,email,gender,dob,blood_group,state
17011CE23,Othilia Dykas,Brazil,odykas0@ovh.net,Female,05-11-2008,B+,Goa
1711MC01,Elene Gallahar,Armenia,egallahar67@mozilla.org,Female,04-03-2013,A-,Rajasthan
1711MC02,Rogerio Bergen,Mongolia,rbergen68@gnu.org,Male,11-01-2008,AB+,Meghalaya
1711MC04,Lorene Oldknowe,South Africa,loldknowe69@gizmodo.com,Female,19-04-2014,A-,Mizoram
1711MC05,Ash Ellens,Indonesia,aellens6a@webnode.com,Male,02-04-2008,B+,Andaman and Nicobar Islands
1711MC06,Arnoldo Sumpton,Paraguay,asumpton6b@eventbrite.com,Male,21-07-2007,O-,Punjab
1711MC08,Tilda Murty,Russia,tmurty6c@craigslist.org,Female,15-06-2008,B+,Kerala
1711MC10,Fey Buckhurst,Russia,fbuckhurst6d@topsy.com,Female,30-12-2016,A-,Daman and Diu
1711MC11,Orton Cornelisse,Indonesia,ocornelisse6e@examiner.com,Male,18-01-2020,B-,Maharashtra
1711MC12,Rubi Teasell,India,rteasell6f@flickr.com,Female,11-10-1999,B+,Andaman and Nicobar Islands
1711MC14,Winny Ablott,India,wablott6g@deviantart.com,Male,16-04-2008,B-,Punjab
1711MS02,Page Beverley,Brazil,pbeverley6p@ebay.co.uk,Female,16-12-2004,AB+,Lakshadweep
1711MS07,Liza Jarrell,United Kingdom,ljarrell6q@prweb.com,Female,25-08-2019,A+,Jammu and Kashmir
1711MS08,Aeriela Blaxall,Indonesia,ablaxall6r@de.vu,Female,23-12-2006,AB-,Telangana
1711MS09,Pansie Jacquest,Greece,pjacquest6s@ow.ly,Female,12-09-2003,O-,Maharashtra
1711MS10,Hugh Mary,Libya,hmary6t@salon.com,Male,03-04-2017,O+,Maharashtra
1711MS11,Marlee Meakes,India,mmeakes6u@ezinearticles.com,Female,06-01-2000,B-,Goa
1721MS02,Serge Bamber,Reunion,sbamber8k@prnewswire.com,Male,20-09-2020,B+,Maharashtra
1721MS04,Dukie Aizikowitz,United States,daizikowitz8l@live.com,Male,15-03-2013,O+,Punjab
1721MS05,Julee Dani,Libya,jdani8m@auda.org.au,Female,05-04-2018,O-,Madhya Pradesh
174_Spouse,Brittaney Beyer,Colombia,bbeyer8x@mozilla.com,Female,03-01-2019,AB+,Karnataka
17PS06,El Ablett,Honduras,eablett8y@java.com,Male,23-10-2008,O+,Maharashtra
17PS07,Consuelo Redhole,Philippines,credhole8z@microsoft.com,Female,11-12-2004,A-,Lakshadweep
1801CAN23,Mildrid Seabert,Poland,mseabert90@bloglovin.com,Female,25-05-2015,B+,Haryana
180ME50,Hadria Everly,Philippines,heverlyfi@histats.com,Female,16-03-2015,O-,Jharkhand
1811MC01,Richart Pitblado,Russia,rpitbladogp@apple.com,Male,14-05-2006,A-,Karnataka
1811MC02,Damian Droghan,Philippines,ddroghangq@linkedin.com,Male,11-09-2019,A-,Uttar Pradesh
1811MC03,Win Poolman,Indonesia,wpoolmangr@seesaa.net,Male,21-04-2017,O+,Maharashtra
1811MC04,Cherish Stanner,Brazil,cstannergs@cmu.edu,Female,10-06-2017,A+,Manipur
1811MC05,Chet Frost,Peru,cfrostgt@apache.org,Male,24-06-2005,O+,Delhi
1811MC06,Kylynn Cussons,Central African Republic,kcussonsgu@vkontakte.ru,Female,18-01-2011,B+,Mizoram
1811MC07,Berta Edgin,Sweden,bedgingv@fotki.com,Female,06-10-2012,A-,Tamil Nadu
1811MC08,Maybelle Collier,Indonesia,mcolliergw@instagram.com,Female,24-06-2013,B+,Chandigarh
1811MC10,Micki Greatbank,Philippines,mgreatbankgx@mapy.cz,Female,21-01-2000,A+,Assam
1811MC11,Buddy O'Crowley,Indonesia,bocrowleygy@ucoz.ru,Male,28-02-2018,B+,Andaman and Nicobar Islands
1811MC12,Jake Lucia,Bulgaria,jluciagz@indiatimes.com,Male,30-09-2010,A+,Andaman and Nicobar Islands
1811MC13,Nellie Curling,Bosnia and Herzegovina,ncurlingh0@npr.org,Female,02-07-2018,A-,Madhya Pradesh
1811MS01,Finley Billion,Portugal,fbillionh9@zimbio.com,Male,06-05-2010,AB+,Haryana
1811MS02,Isador Caven,Indonesia,icavenha@networkadvertising.org,Male,24-04-2000,B-,Bihar
1811MS03,Art Gorse,Portugal,agorsehb@parallels.com,Male,27-04-2000,AB-,Dadra and Nagar Haveli
1811MS04,Ferdinande Smithson,Portugal,fsmithsonhc@stumbleupon.com,Female,27-02-2003,B-,Gujarat
1811MS05,Klement Patnelli,India,kpatnellihd@123-reg.co.uk,Male,15-02-2014,B-,Gujarat
1811MS06,Philis Huskisson,Sweden,phuskissonhe@yandex.ru,Female,21-11-2008,O+,Odisha
1811MS07,Alidia Olivet,India,aolivethf@spotify.com,Female,18-06-2005,AB-,Arunachal Pradesh
1811MS08,Addi Caw,Argentina,acawhg@tinypic.com,Female,09-03-2007,O+,Uttarakhand
1811MS0810,Doria Janicek,Estonia,djanicekhh@jigsy.com,Female,25-05-2001,B+,Nagaland
1811MS09,Pippy Margiotta,Japan,pmargiottahi@globo.com,Female,28-04-2005,AB-,Mizoram
1821MS01,Bradly Bourdon,Poland,bbourdonkt@state.tx.us,Male,02-04-2014,AB+,Odisha
1821MS02,Alberto Patching,Greece,apatchingku@guardian.co.uk,Male,19-08-2012,A+,Odisha
1821MS03,Yovonnda Milbank,Panama,ymilbankkv@1688.com,Female,21-02-2001,B+,Daman and Diu
189_Spouse,Daisie Pomroy,Indonesia,dpomroyl2@de.vu,Female,13-11-2009,B+,Chhattisgarh
18PS01,Baldwin Ashleigh,India,bashleighl3@auda.org.au,Male,12-10-2006,A-,Punjab
18PS04,Des Giggs,Malawi,dgiggsl4@yellowpages.com,Male,28-12-2005,O+,Haryana
18PS07,Hobie Flacke,Portugal,hflackel5@skype.com,Male,31-01-2020,AB-,Goa
18PS16,Alexander Beadel,Czech Republic,abeadell6@bloomberg.com,Male,10-02-2017,A+,Andaman and Nicobar Islands
18PS17,Marie-ann Swan,Chile,mswanl7@skype.com,Female,10-03-2010,A-,Jharkhand
18PS21,Darlleen Jump,Yemen,djumpl8@weebly.com,Female,10-10-2006,B+,Sikkim
18PS24,Aube Smolan,Indonesia,asmolanl9@slashdot.org,Male,21-01-2013,AB-,Andaman and Nicobar Islands
18PS27,Artie Huet,Mexico,ahuetla@feedburner.com,Male,09-12-2012,B+,Daman and Diu
18PS35,Emlen Flawn,Russia,eflawnlb@lulu.com,Male,02-09-2010,A-,Dadra and Nagar Haveli
18PS42,Bevvy Veque,Japan,bvequelc@dot.gov,Female,01-05-2016,B+,Andhra Pradesh
18PS44,Kerk Waterhous,India,kwaterhousld@unicef.org,Male,04-07-2008,O-,Puducherry
